Subject,Run,ConditionName,MEDIAN_RT_LARGER,MEDIAN_RT_SMALLER,PROP_LARGER,PROP_NLR,PROP_SMALLER
0,0,PUNISH,577.0,348.0,0.6875,0.0,0.3125
0,0,REWARD,602.0,575.0,0.5625,0.0,0.4375
0,1,PUNISH,726.5,807.5,0.5,0.0,0.5
0,1,REWARD,638.0,640.5,0.5,0.0,0.5
1,0,PUNISH,217.0,232.0,0.3125,0.0,0.6875
1,0,REWARD,259.0,262.0,0.6875,0.0,0.3125
1,1,PUNISH,226.0,215.0,0.6875,0.0,0.3125
1,1,REWARD,246.0,314.5,0.33333333333299997,0.0,0.666666666667
2,0,PUNISH,392.0,475.0,0.5625,0.0,0.4375
2,0,REWARD,413.0,395.0,0.4375,0.0,0.5625
2,1,PUNISH,541.0,393.5,0.5,0.0,0.5
2,1,REWARD,443.5,540.0,0.5,0.0,0.5
3,0,PUNISH,490.0,398.0,0.5625,0.0,0.4375
3,0,REWARD,409.0,410.0,0.625,0.0,0.375
3,1,PUNISH,503.0,417.0,0.5625,0.0,0.4375
3,1,REWARD,481.0,419.0,0.5625,0.0,0.4375
4,0,PUNISH,263.5,357.5,0.5,0.0,0.5
4,0,REWARD,307.0,342.0,0.5625,0.0,0.4375
4,1,PUNISH,385.0,319.0,0.533333333333,0.0,0.46666666666699996
4,1,REWARD,401.5,340.0,0.533333333333,0.0,0.46666666666699996
5,0,PUNISH,376.0,419.0,0.5625,0.0,0.4375
5,0,REWARD,357.0,373.0,0.5625,0.0,0.4375
5,1,PUNISH,457.0,505.5,0.25,0.0,0.75
5,1,REWARD,320.0,368.0,0.5625,0.0,0.4375
6,0,PUNISH,450.5,424.5,0.375,0.0,0.625
6,0,REWARD,639.0,482.0,0.3125,0.0,0.6875
6,1,PUNISH,625.0,560.0,0.4375,0.0,0.5625
6,1,REWARD,571.0,522.0,0.5625,0.0,0.4375
7,0,PUNISH,294.0,331.0,0.3125,0.0,0.6875
7,0,REWARD,288.0,354.0,0.4375,0.0,0.5625
7,1,PUNISH,444.0,337.0,0.4375,0.0,0.5625
7,1,REWARD,308.0,323.0,0.4375,0.0,0.5625
8,0,PUNISH,323.0,293.0,0.5625,0.0,0.4375
8,0,REWARD,348.0,280.0,0.533333333333,0.0,0.46666666666699996
8,1,PUNISH,308.0,408.0,0.4375,0.0,0.5625
8,1,REWARD,366.0,540.0,0.5,0.0,0.5
9,0,PUNISH,351.0,391.0,0.3125,0.0,0.6875
9,0,REWARD,,400.5,0.0,0.0,1.0
9,1,PUNISH,362.0,406.0,0.5625,0.0,0.4375
9,1,REWARD,232.0,345.0,0.3125,0.0,0.6875
10,0,PUNISH,441.0,397.0,0.4375,0.0,0.5625
10,0,REWARD,454.5,400.5,0.5,0.0,0.5
10,1,PUNISH,408.0,429.5,0.5,0.0,0.5
10,1,REWARD,324.5,559.0,0.375,0.0,0.625
11,0,PUNISH,523.0,480.5,0.5,0.0,0.5
11,0,REWARD,407.0,412.0,0.625,0.0,0.375
11,1,PUNISH,284.5,320.5,0.25,0.0,0.75
11,1,REWARD,396.5,315.0,0.625,0.0,0.375
12,0,PUNISH,430.5,585.0,0.5,0.0,0.5
12,0,REWARD,524.0,555.0,0.8125,0.0,0.1875
12,1,PUNISH,496.5,508.0,0.625,0.0,0.375
12,1,REWARD,583.0,460.0,0.5625,0.0,0.4375
13,0,PUNISH,318.5,236.0,0.625,0.0,0.375
13,0,REWARD,349.0,336.0,0.4375,0.0,0.5625
13,1,PUNISH,422.0,617.0,0.75,0.0,0.25
13,1,REWARD,372.5,431.5,0.5,0.0,0.5
14,0,PUNISH,259.5,230.0,0.375,0.0,0.625
14,0,REWARD,,333.0,0.0,0.0,1.0
14,1,PUNISH,291.0,347.0,0.6875,0.0,0.3125
14,1,REWARD,387.5,288.0,0.25,0.0,0.75
15,0,PUNISH,268.5,319.5,0.5,0.0,0.5
15,0,REWARD,312.0,312.0,0.6875,0.0,0.3125
15,1,PUNISH,325.0,308.0,0.625,0.0,0.375
15,1,REWARD,353.0,353.0,0.46666666666699996,0.0,0.533333333333
16,0,PUNISH,425.5,457.0,0.5,0.0,0.5
16,0,REWARD,414.5,398.0,0.625,0.0,0.375
16,1,PUNISH,404.5,478.5,0.5,0.0,0.5
16,1,REWARD,508.5,503.5,0.75,0.0,0.25
17,0,PUNISH,263.0,262.0,0.75,0.0,0.25
17,0,REWARD,276.5,251.0,0.5,0.0,0.5
17,1,PUNISH,246.0,326.0,0.6875,0.0,0.3125
17,1,REWARD,294.0,280.0,0.4375,0.0,0.5625
18,0,PUNISH,340.0,377.5,0.5,0.0,0.5
18,0,REWARD,450.0,503.0,0.6875,0.0,0.3125
18,1,PUNISH,461.0,725.0,0.533333333333,0.0,0.46666666666699996
18,1,REWARD,584.0,485.0,0.5,0.0,0.5
19,0,PUNISH,447.0,444.0,0.8125,0.0,0.1875
19,0,REWARD,549.0,457.0,0.933333333333,0.0,0.06666666666669999
19,1,PUNISH,407.5,624.0,0.133333333333,0.0,0.8666666666670001
19,1,REWARD,661.0,685.0,0.4375,0.0,0.5625
20,0,PUNISH,341.5,319.0,0.5,0.0,0.5
20,0,REWARD,378.0,331.0,0.3125,0.0,0.6875
20,1,PUNISH,286.0,389.0,0.375,0.0,0.625
20,1,REWARD,333.0,338.0,0.1875,0.0,0.8125
21,0,PUNISH,292.0,342.0,0.4375,0.0,0.5625
21,0,REWARD,311.0,371.0,0.375,0.0,0.625
21,1,PUNISH,396.0,332.0,0.625,0.0,0.375
21,1,REWARD,431.0,389.0,0.4375,0.0,0.5625
22,0,PUNISH,433.0,455.0,0.625,0.0,0.375
22,0,REWARD,449.0,473.5,0.6,0.0,0.4
22,1,PUNISH,585.5,536.5,0.5,0.0,0.5
22,1,REWARD,519.0,620.0,0.375,0.0,0.625
23,0,PUNISH,719.5,596.0,0.375,0.0,0.625
23,0,REWARD,596.5,668.0,0.5,0.0,0.5
23,1,PUNISH,353.0,714.0,0.8125,0.0,0.1875
23,1,REWARD,454.0,593.0,0.625,0.0,0.375
24,0,PUNISH,673.0,511.0,0.5625,0.0,0.4375
24,0,REWARD,640.0,549.5,0.5,0.0,0.5
24,1,PUNISH,401.5,419.5,0.375,0.0,0.625
24,1,REWARD,616.0,469.0,0.1875,0.0,0.8125
25,0,PUNISH,547.5,536.5,0.375,0.0,0.625
25,0,REWARD,483.5,517.0,0.4,0.0,0.6
25,1,PUNISH,383.0,543.0,0.4,0.0,0.6
25,1,REWARD,395.0,516.5,0.46666666666699996,0.0,0.533333333333
26,0,PUNISH,237.0,268.0,0.25,0.0,0.75
26,0,REWARD,269.0,271.0,0.5625,0.0,0.4375
26,1,PUNISH,298.0,350.5,0.5,0.0,0.5
26,1,REWARD,211.0,252.0,0.4375,0.0,0.5625
27,0,PUNISH,434.0,383.0,0.4375,0.0,0.5625
27,0,REWARD,726.0,578.0,0.4375,0.0,0.5625
27,1,PUNISH,802.0,618.0,0.4375,0.0,0.5625
27,1,REWARD,766.0,518.0,0.46153846153800004,0.0,0.538461538462
28,0,PUNISH,,506.0,0.0,0.0,1.0
28,0,REWARD,,455.0,0.0,0.0,1.0
28,1,PUNISH,,531.5,0.0,0.0,1.0
28,1,REWARD,,485.5,0.0,0.0,1.0
29,0,PUNISH,255.0,248.0,0.5625,0.0,0.4375
29,0,REWARD,301.0,512.0,0.6875,0.0,0.3125
29,1,PUNISH,299.0,432.0,0.4375,0.0,0.5625
29,1,REWARD,318.0,326.0,0.5625,0.0,0.4375
30,0,PUNISH,290.5,285.0,0.375,0.0,0.625
30,0,REWARD,,341.5,0.0,0.0,1.0
30,1,PUNISH,261.0,366.0,0.3125,0.0,0.6875
30,1,REWARD,291.0,250.0,0.4375,0.0,0.5625
31,0,PUNISH,439.0,425.5,0.625,0.0,0.375
31,0,REWARD,365.0,449.0,0.5625,0.0,0.4375
31,1,PUNISH,424.0,679.0,0.5625,0.0,0.4375
31,1,REWARD,589.0,589.0,0.625,0.0,0.375
32,0,PUNISH,428.0,392.0,0.5625,0.0,0.4375
32,0,REWARD,368.0,435.0,0.5625,0.0,0.4375
32,1,PUNISH,510.0,214.5,0.5,0.0,0.5
32,1,REWARD,329.5,232.0,0.666666666667,0.0,0.33333333333299997
33,0,PUNISH,192.0,222.0,0.1875,0.0,0.8125
33,0,REWARD,224.0,214.0,0.625,0.0,0.375
33,1,PUNISH,218.0,235.0,0.5625,0.0,0.4375
33,1,REWARD,243.0,235.0,0.6875,0.0,0.3125
34,0,PUNISH,652.0,426.0,0.5625,0.0,0.4375
34,0,REWARD,438.0,526.0,0.5625,0.0,0.4375
34,1,PUNISH,506.0,474.0,0.1875,0.0,0.8125
34,1,REWARD,671.0,667.0,0.4375,0.0,0.5625
35,0,PUNISH,352.5,403.5,0.75,0.0,0.25
35,0,REWARD,,438.0,0.0,0.0,1.0
35,1,PUNISH,429.0,448.5,0.375,0.0,0.625
35,1,REWARD,370.0,412.0,0.6,0.0,0.4
36,0,PUNISH,298.0,321.5,0.625,0.0,0.375
36,0,REWARD,332.5,351.5,0.75,0.0,0.25
36,1,PUNISH,373.0,422.0,0.5625,0.0,0.4375
36,1,REWARD,396.5,483.0,0.625,0.0,0.375
37,0,PUNISH,481.0,326.0,0.533333333333,0.0,0.46666666666699996
37,0,REWARD,370.0,381.0,0.5625,0.0,0.4375
37,1,PUNISH,470.0,576.0,0.5,0.0,0.5
37,1,REWARD,419.0,536.0,0.4375,0.0,0.5625
38,0,PUNISH,372.5,365.5,0.375,0.0,0.625
38,0,REWARD,328.0,324.5,0.5,0.0,0.5
38,1,PUNISH,347.0,535.0,0.5625,0.0,0.4375
38,1,REWARD,372.0,521.0,0.5,0.0,0.5
39,0,PUNISH,308.0,377.0,0.5625,0.0,0.4375
39,0,REWARD,414.0,340.0,0.3125,0.0,0.6875
39,1,PUNISH,438.0,293.5,0.625,0.0,0.375
39,1,REWARD,355.5,418.5,0.25,0.0,0.75
40,0,PUNISH,391.0,402.0,0.3125,0.0,0.6875
40,0,REWARD,392.0,348.0,0.5625,0.0,0.4375
40,1,PUNISH,432.5,656.0,0.625,0.0,0.375
40,1,REWARD,431.0,484.0,0.5,0.0,0.5
41,0,PUNISH,222.5,223.5,0.375,0.0,0.625
41,0,REWARD,249.0,297.0,0.5625,0.0,0.4375
41,1,PUNISH,224.0,230.0,0.5625,0.0,0.4375
41,1,REWARD,268.5,258.5,0.5,0.0,0.5
42,0,PUNISH,418.0,436.0,0.5,0.0,0.5
42,0,REWARD,593.5,576.5,0.5,0.0,0.5
42,1,PUNISH,543.5,588.0,0.625,0.0,0.375
42,1,REWARD,514.0,411.0,0.6875,0.0,0.3125
43,0,PUNISH,233.5,,1.0,0.0,0.0
43,0,REWARD,404.0,,1.0,0.0,0.0
43,1,PUNISH,,230.0,0.0,0.0,1.0
43,1,REWARD,,308.0,0.0,0.0,1.0
44,0,PUNISH,339.0,402.0,0.4,0.0,0.6
44,0,REWARD,443.0,398.0,0.6875,0.0,0.3125
44,1,PUNISH,371.0,449.5,0.375,0.0,0.625
44,1,REWARD,493.0,415.0,0.5625,0.0,0.4375
45,0,PUNISH,360.0,650.0,0.1875,0.0,0.8125
45,0,REWARD,595.5,414.0,0.625,0.0,0.375
45,1,PUNISH,689.0,649.0,0.875,0.0,0.125
45,1,REWARD,711.0,723.0,0.5625,0.0,0.4375
46,0,PUNISH,368.5,727.0,0.875,0.0,0.125
46,0,REWARD,338.0,306.0,0.0625,0.0,0.9375
46,1,PUNISH,691.0,535.5,0.125,0.0,0.875
46,1,REWARD,,505.0,0.0,0.0,1.0
47,0,PUNISH,385.0,362.0,0.4375,0.0,0.5625
47,0,REWARD,441.0,439.0,0.4375,0.0,0.5625
47,1,PUNISH,427.0,408.0,0.375,0.0,0.625
47,1,REWARD,395.0,551.0,0.5625,0.0,0.4375
48,0,PUNISH,520.0,333.0,0.4375,0.0,0.5625
48,0,REWARD,578.0,573.0,0.75,0.0,0.25
48,1,PUNISH,458.0,614.0,0.6875,0.0,0.3125
48,1,REWARD,491.0,629.0,0.625,0.0,0.375
49,0,PUNISH,434.0,420.0,0.5625,0.0,0.4375
49,0,REWARD,336.5,320.0,0.5,0.0,0.5
49,1,PUNISH,719.0,578.5,0.625,0.0,0.375
49,1,REWARD,576.5,757.0,0.625,0.0,0.375
50,0,PUNISH,448.0,360.0,0.6875,0.0,0.3125
50,0,REWARD,414.0,358.5,0.2,0.0,0.8
50,1,PUNISH,606.5,496.0,0.75,0.0,0.25
50,1,REWARD,560.5,463.5,0.625,0.0,0.375
51,0,PUNISH,392.0,352.0,0.4375,0.0,0.5625
51,0,REWARD,551.0,391.0,0.5625,0.0,0.4375
51,1,PUNISH,396.0,425.0,0.4375,0.0,0.5625
51,1,REWARD,585.0,518.0,0.6,0.0,0.4
52,0,PUNISH,412.0,234.5,0.5,0.0,0.5
52,0,REWARD,285.0,256.0,0.5625,0.0,0.4375
52,1,PUNISH,291.5,311.0,0.5,0.0,0.5
52,1,REWARD,288.0,358.0,0.46666666666699996,0.0,0.533333333333
53,0,PUNISH,223.0,209.0,0.8125,0.0,0.1875
53,0,REWARD,209.0,267.0,0.5625,0.0,0.4375
53,1,PUNISH,248.0,227.0,0.625,0.0,0.375
53,1,REWARD,500.0,559.0,0.4375,0.0,0.5625
54,0,PUNISH,352.0,482.5,0.625,0.0,0.375
54,0,REWARD,525.0,,1.0,0.0,0.0
54,1,PUNISH,519.5,537.5,0.625,0.0,0.375
54,1,REWARD,636.0,687.0,0.5625,0.0,0.4375
55,0,PUNISH,415.5,352.5,0.375,0.0,0.625
55,0,REWARD,514.0,312.0,0.3125,0.0,0.6875
55,1,PUNISH,374.0,343.5,0.625,0.0,0.375
55,1,REWARD,326.0,399.5,0.33333333333299997,0.0,0.666666666667
56,0,PUNISH,310.0,417.0,0.5625,0.0,0.4375
56,0,REWARD,408.0,345.0,0.3125,0.0,0.6875
56,1,PUNISH,320.0,390.0,0.8125,0.0,0.1875
56,1,REWARD,459.0,569.0,0.625,0.0,0.375
57,0,PUNISH,366.0,331.0,0.6875,0.0,0.3125
57,0,REWARD,370.0,324.0,0.4375,0.0,0.5625
57,1,PUNISH,491.5,362.0,0.5,0.0,0.5
57,1,REWARD,541.0,462.0,0.3125,0.0,0.6875
58,0,PUNISH,266.0,241.5,0.375,0.0,0.625
58,0,REWARD,249.0,314.0,0.4375,0.0,0.5625
58,1,PUNISH,257.0,263.0,0.5,0.0,0.5
58,1,REWARD,260.5,321.5,0.625,0.0,0.375
59,0,PUNISH,269.0,237.0,0.6875,0.0,0.3125
59,0,REWARD,282.0,259.0,0.9375,0.0,0.0625
59,1,PUNISH,286.0,307.0,0.8125,0.0,0.1875
59,1,REWARD,325.0,315.5,0.5,0.0,0.5
60,0,PUNISH,255.0,293.0,0.5,0.0,0.5
60,0,REWARD,329.0,316.5,0.375,0.0,0.625
60,1,PUNISH,321.0,265.0,0.5625,0.0,0.4375
60,1,REWARD,419.0,504.0,0.4375,0.0,0.5625
61,0,PUNISH,460.0,492.5,0.5,0.0,0.5
61,0,REWARD,498.5,731.5,0.875,0.0,0.125
61,1,PUNISH,591.0,614.5,0.75,0.0,0.25
61,1,REWARD,521.0,509.5,0.75,0.0,0.25
62,0,PUNISH,264.0,261.0,0.4375,0.0,0.5625
62,0,REWARD,273.0,268.0,0.4375,0.0,0.5625
62,1,PUNISH,238.0,266.0,0.4375,0.0,0.5625
62,1,REWARD,328.0,345.5,0.46666666666699996,0.0,0.533333333333
63,0,PUNISH,229.0,248.0,0.375,0.0,0.625
63,0,REWARD,230.5,250.0,0.375,0.0,0.625
63,1,PUNISH,405.0,352.0,0.25,0.0,0.75
63,1,REWARD,385.5,352.0,0.375,0.0,0.625
64,0,PUNISH,329.5,492.5,0.5,0.0,0.5
64,0,REWARD,298.0,297.0,0.375,0.0,0.625
64,1,PUNISH,590.0,294.0,0.625,0.0,0.375
64,1,REWARD,612.5,700.5,0.625,0.0,0.375
65,0,PUNISH,275.0,288.0,0.5625,0.0,0.4375
65,0,REWARD,302.0,296.0,0.5,0.0,0.5
65,1,PUNISH,264.0,274.5,0.5,0.0,0.5
65,1,REWARD,262.0,258.0,0.5,0.0,0.5
66,0,PUNISH,347.0,399.5,0.5,0.0,0.5
66,0,REWARD,407.0,494.0,0.625,0.0,0.375
66,1,PUNISH,344.0,494.5,0.625,0.0,0.375
66,1,REWARD,449.0,410.0,0.4375,0.0,0.5625
67,0,PUNISH,304.5,415.0,0.625,0.0,0.375
67,0,REWARD,422.0,324.0,0.25,0.0,0.75
67,1,PUNISH,314.5,240.5,0.375,0.0,0.625
67,1,REWARD,461.5,477.0,0.375,0.0,0.625
68,0,PUNISH,240.0,221.0,0.4375,0.0,0.5625
68,0,REWARD,221.0,221.0,0.6875,0.0,0.3125
68,1,PUNISH,246.0,319.0,0.5625,0.0,0.4375
68,1,REWARD,384.0,297.0,0.5625,0.0,0.4375
69,0,PUNISH,469.0,354.0,0.5625,0.0,0.4375
69,0,REWARD,358.0,403.0,0.5625,0.0,0.4375
69,1,PUNISH,625.0,467.0,0.1875,0.0,0.8125
69,1,REWARD,387.0,436.0,0.4375,0.0,0.5625
70,0,PUNISH,442.5,387.5,0.5,0.0,0.5
70,0,REWARD,505.0,443.0,0.5625,0.0,0.4375
70,1,PUNISH,660.5,390.0,0.625,0.0,0.375
70,1,REWARD,306.0,567.0,0.4375,0.0,0.5625
71,0,PUNISH,368.5,300.0,0.125,0.0,0.875
71,0,REWARD,,321.0,0.0,0.0,1.0
71,1,PUNISH,501.0,341.0,0.0625,0.0,0.9375
71,1,REWARD,,408.5,0.0,0.0,1.0
72,0,PUNISH,413.0,516.0,0.6875,0.0,0.3125
72,0,REWARD,379.5,366.5,0.625,0.0,0.375
72,1,PUNISH,429.0,408.0,0.533333333333,0.0,0.46666666666699996
72,1,REWARD,605.0,545.0,0.6875,0.0,0.3125
73,0,PUNISH,299.0,289.0,0.4375,0.0,0.5625
73,0,REWARD,408.5,342.5,0.625,0.0,0.375
73,1,PUNISH,389.0,392.0,0.4375,0.0,0.5625
73,1,REWARD,345.0,283.0,0.3125,0.0,0.6875
74,0,PUNISH,550.0,538.0,0.4375,0.0,0.5625
74,0,REWARD,594.0,572.5,0.75,0.0,0.25
74,1,PUNISH,471.0,519.0,0.4375,0.0,0.5625
74,1,REWARD,558.0,601.0,0.1875,0.0,0.8125
75,0,PUNISH,614.5,509.5,0.375,0.0,0.625
75,0,REWARD,419.0,529.0,0.1875,0.0,0.8125
75,1,PUNISH,1060.0,423.0,0.0625,0.0,0.9375
75,1,REWARD,590.0,521.0,0.3125,0.0,0.6875
76,0,PUNISH,336.0,325.0,0.5625,0.0,0.4375
76,0,REWARD,329.5,442.5,0.875,0.0,0.125
76,1,PUNISH,385.0,412.0,0.4375,0.0,0.5625
76,1,REWARD,328.0,419.5,0.625,0.0,0.375
77,0,PUNISH,327.0,370.0,0.533333333333,0.0,0.46666666666699996
77,0,REWARD,272.0,332.5,0.33333333333299997,0.0,0.666666666667
77,1,PUNISH,397.5,458.0,0.625,0.0,0.375
77,1,REWARD,412.0,387.0,0.666666666667,0.0,0.33333333333299997
78,0,PUNISH,519.0,469.0,0.4375,0.0,0.5625
78,0,REWARD,722.5,559.0,0.25,0.0,0.75
78,1,PUNISH,577.0,536.0,0.5,0.0,0.5
78,1,REWARD,671.0,624.0,0.5,0.0,0.5
79,0,PUNISH,403.0,453.0,0.4375,0.0,0.5625
79,0,REWARD,482.0,560.0,0.5625,0.0,0.4375
79,1,PUNISH,405.5,357.5,0.375,0.0,0.625
79,1,REWARD,498.0,368.0,0.8125,0.0,0.1875
80,0,PUNISH,328.0,354.0,0.5625,0.0,0.4375
80,0,REWARD,366.5,314.5,0.5,0.0,0.5
80,1,PUNISH,359.0,308.0,0.5625,0.0,0.4375
80,1,REWARD,293.0,328.5,0.5,0.0,0.5
81,0,PUNISH,377.5,294.5,0.375,0.0,0.625
81,0,REWARD,402.5,393.5,0.375,0.0,0.625
81,1,PUNISH,289.0,386.0,0.6,0.0,0.4
81,1,REWARD,320.0,276.0,0.5,0.0,0.5
82,0,PUNISH,547.5,531.5,0.375,0.0,0.625
82,0,REWARD,585.0,708.0,0.6875,0.0,0.3125
82,1,PUNISH,626.0,619.0,0.5625,0.0,0.4375
82,1,REWARD,560.0,478.0,0.6,0.0,0.4
83,0,PUNISH,332.0,456.5,0.375,0.0,0.625
83,0,REWARD,375.5,440.5,0.625,0.0,0.375
83,1,PUNISH,559.0,331.0,0.4375,0.0,0.5625
83,1,REWARD,429.0,561.0,0.5625,0.0,0.4375
84,0,PUNISH,311.0,276.5,0.5,0.0,0.5
84,0,REWARD,297.0,377.0,0.4375,0.0,0.5625
84,1,PUNISH,517.0,533.0,0.5,0.0,0.5
84,1,REWARD,468.0,517.0,0.5625,0.0,0.4375
85,0,PUNISH,354.5,515.0,0.625,0.0,0.375
85,0,REWARD,419.0,481.0,0.375,0.0,0.625
85,1,PUNISH,378.0,507.5,0.33333333333299997,0.0,0.666666666667
85,1,REWARD,380.0,415.5,0.5,0.0,0.5
86,0,PUNISH,524.5,513.0,0.5,0.0,0.5
86,0,REWARD,419.0,556.5,0.8666666666670001,0.0,0.133333333333
86,1,PUNISH,530.0,482.0,0.4375,0.0,0.5625
86,1,REWARD,670.0,645.0,0.375,0.0,0.625
87,0,PUNISH,429.5,410.0,0.375,0.0,0.625
87,0,REWARD,435.0,484.5,0.46666666666699996,0.0,0.533333333333
87,1,PUNISH,355.0,391.0,0.4375,0.0,0.5625
87,1,REWARD,544.0,303.0,0.4375,0.0,0.5625
88,0,PUNISH,557.0,579.0,0.4375,0.0,0.5625
88,0,REWARD,543.0,454.5,0.625,0.0,0.375
88,1,PUNISH,580.5,488.0,0.5,0.0,0.5
88,1,REWARD,646.5,513.5,0.5,0.0,0.5
89,0,PUNISH,342.0,277.0,0.6875,0.0,0.3125
89,0,REWARD,232.0,280.0,0.4375,0.0,0.5625
89,1,PUNISH,323.0,351.0,0.0625,0.0,0.9375
89,1,REWARD,377.0,319.0,0.5625,0.0,0.4375
90,0,PUNISH,433.0,474.5,0.5,0.0,0.5
90,0,REWARD,449.0,459.0,0.4375,0.0,0.5625
90,1,PUNISH,486.0,581.0,0.5,0.0,0.5
90,1,REWARD,450.0,539.0,0.4375,0.0,0.5625
91,0,PUNISH,430.5,322.5,0.5,0.0,0.5
91,0,REWARD,340.0,267.0,0.5,0.0,0.5
91,1,PUNISH,325.0,304.0,0.3125,0.0,0.6875
91,1,REWARD,299.0,358.0,0.3125,0.0,0.6875
92,0,PUNISH,472.5,374.5,0.5,0.0,0.5
92,0,REWARD,315.0,517.0,0.4375,0.0,0.5625
92,1,PUNISH,418.0,360.0,0.5,0.0,0.5
92,1,REWARD,539.0,366.0,0.5625,0.0,0.4375
93,0,PUNISH,217.0,284.0,0.5625,0.0,0.4375
93,0,REWARD,261.0,,1.0,0.0,0.0
93,1,PUNISH,220.0,251.0,0.375,0.0,0.625
93,1,REWARD,252.0,,1.0,0.0,0.0
94,0,PUNISH,409.5,378.5,0.375,0.0,0.625
94,0,REWARD,,540.5,0.0,0.0,1.0
94,1,PUNISH,,330.5,0.0,0.0,1.0
94,1,REWARD,301.0,402.0,0.0625,0.0,0.9375
95,0,PUNISH,382.0,273.0,0.5625,0.0,0.4375
95,0,REWARD,312.0,358.0,0.5,0.0,0.5
95,1,PUNISH,497.0,383.5,0.6,0.0,0.4
95,1,REWARD,425.0,511.0,0.4375,0.0,0.5625
96,0,PUNISH,249.0,263.0,0.5625,0.0,0.4375
96,0,REWARD,267.0,267.5,0.375,0.0,0.625
96,1,PUNISH,275.0,247.0,0.4375,0.0,0.5625
96,1,REWARD,328.5,291.0,0.533333333333,0.0,0.46666666666699996
97,0,PUNISH,348.5,386.0,0.625,0.0,0.375
97,0,REWARD,431.0,415.0,0.375,0.0,0.625
97,1,PUNISH,376.0,403.0,0.4375,0.0,0.5625
97,1,REWARD,412.5,356.0,0.4,0.0,0.6
98,0,PUNISH,434.5,425.5,0.5,0.0,0.5
98,0,REWARD,450.0,557.0,0.375,0.0,0.625
98,1,PUNISH,433.0,573.0,0.4375,0.0,0.5625
98,1,REWARD,538.0,548.0,0.5625,0.0,0.4375
99,0,PUNISH,273.0,264.0,0.4375,0.0,0.5625
99,0,REWARD,263.5,280.0,0.5,0.0,0.5
99,1,PUNISH,268.0,330.0,0.375,0.0,0.625
99,1,REWARD,325.0,317.0,0.5625,0.0,0.4375
100,0,PUNISH,323.0,307.0,0.5625,0.0,0.4375
100,0,REWARD,312.5,290.0,0.375,0.0,0.625
100,1,PUNISH,249.0,260.0,0.3125,0.0,0.6875
100,1,REWARD,285.0,385.0,0.5625,0.0,0.4375
101,0,PUNISH,206.5,263.0,0.533333333333,0.0,0.46666666666699996
101,0,REWARD,334.0,265.0,0.25,0.0,0.75
101,1,PUNISH,268.0,281.0,0.533333333333,0.0,0.46666666666699996
101,1,REWARD,279.0,222.0,0.6875,0.0,0.3125
102,0,PUNISH,452.0,375.5,0.625,0.0,0.375
102,0,REWARD,586.5,326.0,0.25,0.0,0.75
102,1,PUNISH,332.0,429.0,0.8125,0.0,0.1875
102,1,REWARD,426.0,352.0,0.4375,0.0,0.5625
103,0,PUNISH,308.0,468.0,0.625,0.0,0.375
103,0,REWARD,312.0,343.0,0.4375,0.0,0.5625
103,1,PUNISH,413.5,364.5,0.625,0.0,0.375
103,1,REWARD,397.5,316.0,0.625,0.0,0.375
104,0,PUNISH,382.0,352.0,0.5625,0.0,0.4375
104,0,REWARD,336.5,368.5,0.5,0.0,0.5
104,1,PUNISH,358.5,416.0,0.5,0.0,0.5
104,1,REWARD,360.0,365.5,0.375,0.0,0.625
105,0,PUNISH,376.0,240.0,0.533333333333,0.0,0.46666666666699996
105,0,REWARD,398.5,551.5,0.5,0.0,0.5
105,1,PUNISH,420.0,331.5,0.75,0.0,0.25
105,1,REWARD,513.0,440.0,0.6,0.0,0.4
106,0,PUNISH,283.0,300.0,0.5625,0.0,0.4375
106,0,REWARD,395.0,238.0,0.875,0.0,0.125
106,1,PUNISH,336.0,261.0,0.642857142857,0.0,0.357142857143
106,1,REWARD,475.0,397.5,0.75,0.0,0.25
107,0,PUNISH,267.0,345.0,0.4375,0.0,0.5625
107,0,REWARD,270.0,250.0,0.5625,0.0,0.4375
107,1,PUNISH,428.0,418.0,0.4375,0.0,0.5625
107,1,REWARD,515.0,455.0,0.5625,0.0,0.4375
108,0,PUNISH,250.0,264.0,0.8125,0.0,0.1875
108,0,REWARD,325.5,285.0,0.75,0.0,0.25
108,1,PUNISH,254.5,259.0,0.25,0.0,0.75
108,1,REWARD,,278.0,0.0,0.0,1.0
109,0,PUNISH,295.0,490.0,0.375,0.0,0.625
109,0,REWARD,468.0,444.5,0.33333333333299997,0.0,0.666666666667
109,1,PUNISH,580.5,576.0,0.533333333333,0.0,0.46666666666699996
109,1,REWARD,590.0,617.0,0.357142857143,0.0,0.642857142857
110,0,PUNISH,572.0,387.0,0.4375,0.0,0.5625
110,0,REWARD,506.0,506.0,0.5625,0.0,0.4375
110,1,PUNISH,623.0,532.0,0.8125,0.0,0.1875
110,1,REWARD,556.5,681.0,0.533333333333,0.0,0.46666666666699996
111,0,PUNISH,347.0,307.0,0.5625,0.0,0.4375
111,0,REWARD,331.0,455.0,0.4375,0.0,0.5625
111,1,PUNISH,273.0,503.0,0.4375,0.0,0.5625
111,1,REWARD,344.5,494.0,0.5,0.0,0.5
112,0,PUNISH,337.5,303.5,0.5,0.0,0.5
112,0,REWARD,252.0,350.0,0.1875,0.0,0.8125
112,1,PUNISH,222.0,357.5,0.375,0.0,0.625
112,1,REWARD,341.5,300.0,0.375,0.0,0.625
113,0,PUNISH,393.5,402.0,0.5,0.0,0.5
113,0,REWARD,425.0,362.0,0.6875,0.0,0.3125
113,1,PUNISH,470.5,461.0,0.375,0.0,0.625
113,1,REWARD,513.0,524.0,0.4375,0.0,0.5625
114,0,PUNISH,235.5,256.5,0.625,0.0,0.375
114,0,REWARD,262.0,239.0,0.75,0.0,0.25
114,1,PUNISH,266.5,256.0,0.625,0.0,0.375
114,1,REWARD,360.0,266.0,0.5625,0.0,0.4375
115,0,PUNISH,452.0,422.0,0.4375,0.0,0.5625
115,0,REWARD,412.5,564.0,0.4,0.0,0.6
115,1,PUNISH,367.0,522.5,0.5,0.0,0.5
115,1,REWARD,440.0,584.0,0.5625,0.0,0.4375
116,0,PUNISH,484.0,598.0,0.375,0.0,0.625
116,0,REWARD,580.0,678.5,0.6,0.0,0.4
116,1,PUNISH,587.0,421.0,0.5625,0.0,0.4375
116,1,REWARD,431.0,483.0,0.533333333333,0.0,0.46666666666699996
117,0,PUNISH,279.0,353.0,0.5625,0.0,0.4375
117,0,REWARD,315.0,489.0,0.6875,0.0,0.3125
117,1,PUNISH,287.0,330.0,0.6875,0.0,0.3125
117,1,REWARD,376.0,322.0,0.3125,0.0,0.6875
118,0,PUNISH,300.0,253.0,0.5625,0.0,0.4375
118,0,REWARD,296.5,326.5,0.625,0.0,0.375
118,1,PUNISH,324.5,377.5,0.625,0.0,0.375
118,1,REWARD,412.0,361.0,0.625,0.0,0.375
119,0,PUNISH,279.0,242.0,0.5,0.0,0.5
119,0,REWARD,263.0,250.0,0.5625,0.0,0.4375
119,1,PUNISH,307.0,338.0,0.5625,0.0,0.4375
119,1,REWARD,366.0,324.0,0.4375,0.0,0.5625
120,0,PUNISH,416.0,431.0,0.4375,0.0,0.5625
120,0,REWARD,551.0,541.0,0.375,0.0,0.625
120,1,PUNISH,400.5,412.5,0.5,0.0,0.5
120,1,REWARD,505.5,608.5,0.625,0.0,0.375
121,0,PUNISH,507.5,488.0,0.625,0.0,0.375
121,0,REWARD,518.0,428.0,0.5625,0.0,0.4375
121,1,PUNISH,503.0,524.0,0.5625,0.0,0.4375
121,1,REWARD,736.5,579.0,0.625,0.0,0.375
122,0,PUNISH,343.0,325.0,0.625,0.0,0.375
122,0,REWARD,261.0,355.0,0.5625,0.0,0.4375
122,1,PUNISH,269.0,280.0,0.8125,0.0,0.1875
122,1,REWARD,282.0,267.0,0.625,0.0,0.375
123,0,PUNISH,522.5,546.5,0.625,0.0,0.375
123,0,REWARD,827.0,663.5,0.625,0.0,0.375
123,1,PUNISH,747.0,520.5,0.6,0.0,0.4
123,1,REWARD,554.5,858.0,0.533333333333,0.0,0.46666666666699996
124,0,PUNISH,262.0,277.0,0.5625,0.0,0.4375
124,0,REWARD,290.0,271.0,0.5625,0.0,0.4375
124,1,PUNISH,278.0,368.0,0.4375,0.0,0.5625
124,1,REWARD,288.0,296.0,0.5625,0.0,0.4375
125,0,PUNISH,344.0,273.0,0.5625,0.0,0.4375
125,0,REWARD,381.0,318.0,0.5625,0.0,0.4375
125,1,PUNISH,303.5,350.0,0.5,0.0,0.5
125,1,REWARD,341.0,284.0,0.5,0.0,0.5
126,0,PUNISH,441.0,413.0,0.3125,0.0,0.6875
126,0,REWARD,381.0,477.0,0.375,0.0,0.625
126,1,PUNISH,272.0,270.0,0.3125,0.0,0.6875
126,1,REWARD,410.0,271.5,0.5,0.0,0.5
127,0,PUNISH,409.5,409.0,0.533333333333,0.0,0.46666666666699996
127,0,REWARD,383.0,232.0,0.4375,0.0,0.5625
127,1,PUNISH,306.5,223.0,0.5,0.0,0.5
127,1,REWARD,296.0,276.5,0.375,0.0,0.625
128,0,PUNISH,288.5,328.0,0.5,0.0,0.5
128,0,REWARD,337.0,380.5,0.5,0.0,0.5
128,1,PUNISH,368.5,455.0,0.5,0.0,0.5
128,1,REWARD,310.5,430.0,0.375,0.0,0.625
129,0,PUNISH,481.0,472.0,0.5625,0.0,0.4375
129,0,REWARD,436.5,429.5,0.625,0.0,0.375
129,1,PUNISH,694.0,540.0,0.6,0.0,0.4
129,1,REWARD,551.5,473.5,0.625,0.0,0.375
130,0,PUNISH,334.0,377.0,0.6875,0.0,0.3125
130,0,REWARD,442.0,708.0,0.9375,0.0,0.0625
130,1,PUNISH,387.0,388.0,0.8125,0.0,0.1875
130,1,REWARD,370.0,,1.0,0.0,0.0
131,0,PUNISH,359.5,434.5,0.625,0.0,0.375
131,0,REWARD,368.0,382.0,0.6,0.0,0.4
131,1,PUNISH,493.0,462.0,0.46666666666699996,0.0,0.533333333333
131,1,REWARD,507.0,296.0,0.5625,0.0,0.4375
132,0,PUNISH,360.0,424.0,0.5625,0.0,0.4375
132,0,REWARD,392.0,484.0,0.4375,0.0,0.5625
132,1,PUNISH,516.0,417.0,0.5625,0.0,0.4375
132,1,REWARD,369.5,443.0,0.625,0.0,0.375
133,0,PUNISH,211.5,237.0,0.25,0.0,0.75
133,0,REWARD,288.0,243.0,0.375,0.0,0.625
133,1,PUNISH,240.0,219.0,0.1875,0.0,0.8125
133,1,REWARD,217.0,213.0,0.3125,0.0,0.6875
134,0,PUNISH,318.0,334.0,0.5,0.0,0.5
134,0,REWARD,275.0,470.0,0.6875,0.0,0.3125
134,1,PUNISH,373.0,351.5,0.375,0.0,0.625
134,1,REWARD,262.5,316.0,0.625,0.0,0.375
135,0,PUNISH,412.0,233.0,0.3125,0.0,0.6875
135,0,REWARD,383.0,453.0,0.5625,0.0,0.4375
135,1,PUNISH,527.0,349.0,0.5625,0.0,0.4375
135,1,REWARD,500.5,452.0,0.375,0.0,0.625
136,0,PUNISH,482.0,427.0,0.5625,0.0,0.4375
136,0,REWARD,394.0,381.5,0.5,0.0,0.5
136,1,PUNISH,359.0,275.0,0.6875,0.0,0.3125
136,1,REWARD,417.0,343.0,0.4375,0.0,0.5625
137,0,PUNISH,308.0,297.0,0.4375,0.0,0.5625
137,0,REWARD,385.0,384.0,0.5,0.0,0.5
137,1,PUNISH,327.0,257.0,0.5,0.0,0.5
137,1,REWARD,373.0,451.0,0.5,0.0,0.5
138,0,PUNISH,395.5,356.5,0.5,0.0,0.5
138,0,REWARD,409.0,382.0,0.5625,0.0,0.4375
138,1,PUNISH,395.5,462.0,0.125,0.0,0.875
138,1,REWARD,366.5,357.5,0.125,0.0,0.875
139,0,PUNISH,239.5,243.5,0.5,0.0,0.5
139,0,REWARD,257.5,222.5,0.5,0.0,0.5
139,1,PUNISH,236.5,284.0,0.375,0.0,0.625
139,1,REWARD,298.0,231.5,0.375,0.0,0.625
140,0,PUNISH,524.5,409.5,0.5,0.0,0.5
140,0,REWARD,480.0,389.0,0.6875,0.0,0.3125
140,1,PUNISH,589.0,493.0,0.6875,0.0,0.3125
140,1,REWARD,564.0,589.0,0.733333333333,0.0,0.266666666667
141,0,PUNISH,310.0,257.0,0.4375,0.0,0.5625
141,0,REWARD,315.0,342.5,0.625,0.0,0.375
141,1,PUNISH,277.0,236.0,0.6875,0.0,0.3125
141,1,REWARD,277.0,262.5,0.5,0.0,0.5
142,0,PUNISH,218.0,223.0,0.4375,0.0,0.5625
142,0,REWARD,247.5,258.0,0.25,0.0,0.75
142,1,PUNISH,236.5,315.0,0.375,0.0,0.625
142,1,REWARD,311.0,267.0,0.1875,0.0,0.8125
143,0,PUNISH,256.0,290.0,0.5625,0.0,0.4375
143,0,REWARD,341.0,236.5,0.33333333333299997,0.0,0.666666666667
143,1,PUNISH,266.5,240.5,0.5,0.0,0.5
143,1,REWARD,292.0,287.0,0.4375,0.0,0.5625
144,0,PUNISH,318.0,292.0,0.3125,0.0,0.6875
144,0,REWARD,335.0,361.0,0.625,0.0,0.375
144,1,PUNISH,291.5,329.0,0.266666666667,0.0,0.733333333333
144,1,REWARD,416.5,441.5,0.5,0.0,0.5
145,0,PUNISH,209.0,,1.0,0.0,0.0
145,0,REWARD,205.5,,1.0,0.0,0.0
145,1,PUNISH,222.0,,1.0,0.0,0.0
145,1,REWARD,218.5,,1.0,0.0,0.0
146,0,PUNISH,604.5,561.0,0.5,0.0,0.5
146,0,REWARD,581.0,675.0,0.4375,0.0,0.5625
146,1,PUNISH,578.0,609.5,0.5,0.0,0.5
146,1,REWARD,659.0,598.5,0.625,0.0,0.375
147,0,PUNISH,687.0,773.0,0.4375,0.0,0.5625
147,0,REWARD,765.0,682.0,0.5,0.0,0.5
147,1,PUNISH,617.0,687.0,0.4375,0.0,0.5625
147,1,REWARD,743.0,651.0,0.4375,0.0,0.5625
148,0,PUNISH,299.0,326.0,0.625,0.0,0.375
148,0,REWARD,330.0,338.0,0.5625,0.0,0.4375
148,1,PUNISH,287.0,334.0,0.25,0.0,0.75
148,1,REWARD,353.5,413.5,0.375,0.0,0.625
149,0,PUNISH,284.0,404.0,0.5,0.0,0.5
149,0,REWARD,375.5,316.0,0.375,0.0,0.625
149,1,PUNISH,500.0,486.0,0.5625,0.0,0.4375
149,1,REWARD,551.0,506.0,0.4375,0.0,0.5625
150,0,PUNISH,338.5,320.5,0.5,0.0,0.5
150,0,REWARD,325.0,410.0,0.3125,0.0,0.6875
150,1,PUNISH,340.0,367.0,0.5625,0.0,0.4375
150,1,REWARD,362.0,334.0,0.5625,0.0,0.4375
151,0,PUNISH,236.5,361.0,0.25,0.0,0.75
151,0,REWARD,387.0,397.5,0.625,0.0,0.375
151,1,PUNISH,290.0,302.0,0.4375,0.0,0.5625
151,1,REWARD,283.0,412.0,0.46666666666699996,0.0,0.533333333333
152,0,PUNISH,266.0,312.0,0.75,0.0,0.25
152,0,REWARD,278.0,310.0,0.6875,0.0,0.3125
152,1,PUNISH,318.0,334.0,0.6,0.0,0.4
152,1,REWARD,509.0,382.0,0.625,0.0,0.375
153,0,PUNISH,471.0,445.0,0.5625,0.0,0.4375
153,0,REWARD,537.5,514.0,0.5,0.0,0.5
153,1,PUNISH,599.0,570.0,0.375,0.0,0.625
153,1,REWARD,448.0,688.0,0.4375,0.0,0.5625
154,0,PUNISH,239.0,307.0,0.4375,0.0,0.5625
154,0,REWARD,231.0,283.0,0.5,0.0,0.5
154,1,PUNISH,236.0,990.0,0.9375,0.0,0.0625
154,1,REWARD,323.5,307.0,0.75,0.0,0.25
155,0,PUNISH,278.0,264.0,0.4375,0.0,0.5625
155,0,REWARD,364.5,386.5,0.5,0.0,0.5
155,1,PUNISH,372.0,524.0,0.5,0.0,0.5
155,1,REWARD,452.0,363.5,0.6,0.0,0.4
156,0,PUNISH,275.0,273.5,0.5,0.0,0.5
156,0,REWARD,249.0,330.0,0.4375,0.0,0.5625
156,1,PUNISH,396.0,485.0,0.4375,0.0,0.5625
156,1,REWARD,465.0,289.0,0.4375,0.0,0.5625
157,0,PUNISH,252.5,276.0,0.375,0.0,0.625
157,0,REWARD,277.0,265.0,0.5625,0.0,0.4375
157,1,PUNISH,251.0,317.0,0.46666666666699996,0.0,0.533333333333
157,1,REWARD,286.0,256.0,0.75,0.0,0.25
158,0,PUNISH,420.0,390.0,0.5625,0.0,0.4375
158,0,REWARD,388.0,396.0,0.4375,0.0,0.5625
158,1,PUNISH,560.5,630.0,0.533333333333,0.0,0.46666666666699996
158,1,REWARD,694.0,605.0,0.3125,0.0,0.6875
159,0,PUNISH,524.0,422.0,0.5,0.0,0.5
159,0,REWARD,482.5,492.5,0.625,0.0,0.375
159,1,PUNISH,555.0,529.0,0.5625,0.0,0.4375
159,1,REWARD,529.5,503.0,0.625,0.0,0.375
160,0,PUNISH,358.0,391.0,0.625,0.0,0.375
160,0,REWARD,438.0,414.0,0.4,0.0,0.6
160,1,PUNISH,344.0,384.5,0.625,0.0,0.375
160,1,REWARD,364.5,394.0,0.4,0.0,0.6
161,0,PUNISH,328.0,351.0,0.6875,0.0,0.3125
161,0,REWARD,328.0,352.0,0.5625,0.0,0.4375
161,1,PUNISH,484.5,413.5,0.375,0.0,0.625
161,1,REWARD,362.0,419.0,0.5625,0.0,0.4375
162,0,PUNISH,335.5,357.0,0.5,0.0,0.5
162,0,REWARD,396.0,515.0,0.5625,0.0,0.4375
162,1,PUNISH,557.5,432.0,0.5,0.0,0.5
162,1,REWARD,390.0,516.5,0.625,0.0,0.375
163,0,PUNISH,329.0,254.5,0.5,0.0,0.5
163,0,REWARD,283.0,264.0,0.4375,0.0,0.5625
163,1,PUNISH,281.0,306.0,0.4375,0.0,0.5625
163,1,REWARD,276.0,258.0,0.5625,0.0,0.4375
164,0,PUNISH,446.0,436.0,0.5625,0.0,0.4375
164,0,REWARD,436.5,330.5,0.625,0.0,0.375
164,1,PUNISH,393.0,504.0,0.4375,0.0,0.5625
164,1,REWARD,525.5,362.5,0.625,0.0,0.375
165,0,PUNISH,437.0,556.0,0.5625,0.0,0.4375
165,0,REWARD,589.0,713.0,0.6875,0.0,0.3125
165,1,PUNISH,629.0,479.0,0.625,0.0,0.375
165,1,REWARD,572.5,573.5,0.75,0.0,0.25
166,0,PUNISH,233.0,270.0,0.4375,0.0,0.5625
166,0,REWARD,276.0,246.0,0.6,0.0,0.4
166,1,PUNISH,246.0,251.0,0.1875,0.0,0.8125
166,1,REWARD,235.0,246.0,0.5625,0.0,0.4375
167,0,PUNISH,,239.0,0.0,0.0,1.0
167,0,REWARD,277.0,,1.0,0.0,0.0
167,1,PUNISH,201.0,231.0,0.3125,0.0,0.6875
167,1,REWARD,222.0,256.0,0.4375,0.0,0.5625
168,0,PUNISH,424.0,549.5,0.6,0.0,0.4
168,0,REWARD,337.0,480.0,0.4375,0.0,0.5625
168,1,PUNISH,674.5,548.0,0.533333333333,0.0,0.46666666666699996
168,1,REWARD,555.5,692.5,0.5,0.0,0.5
169,0,PUNISH,253.0,307.0,0.625,0.0,0.375
169,0,REWARD,216.0,291.0,0.5625,0.0,0.4375
169,1,PUNISH,311.0,272.0,0.5625,0.0,0.4375
169,1,REWARD,289.0,441.5,0.875,0.0,0.125
170,0,PUNISH,351.5,,1.0,0.0,0.0
170,0,REWARD,295.0,,1.0,0.0,0.0
170,1,PUNISH,361.0,317.0,0.9375,0.0,0.0625
170,1,REWARD,342.0,,1.0,0.0,0.0
171,0,PUNISH,444.5,460.5,0.375,0.0,0.625
171,0,REWARD,459.0,493.0,0.375,0.0,0.625
171,1,PUNISH,460.0,391.0,0.5,0.0,0.5
171,1,REWARD,541.0,608.5,0.5,0.0,0.5
172,0,PUNISH,566.0,501.5,0.5,0.0,0.5
172,0,REWARD,510.5,529.5,0.5,0.0,0.5
172,1,PUNISH,372.0,313.5,0.625,0.0,0.375
172,1,REWARD,637.0,528.0,0.5,0.0,0.5
173,0,PUNISH,300.0,295.0,0.5625,0.0,0.4375
173,0,REWARD,324.0,302.0,0.266666666667,0.0,0.733333333333
173,1,PUNISH,328.0,255.0,0.266666666667,0.0,0.733333333333
173,1,REWARD,270.5,297.0,0.625,0.0,0.375
174,0,PUNISH,659.0,561.0,0.4375,0.0,0.5625
174,0,REWARD,677.5,714.0,0.75,0.0,0.25
174,1,PUNISH,545.0,597.0,0.5,0.0,0.5
174,1,REWARD,720.0,604.5,0.46666666666699996,0.0,0.533333333333
175,0,PUNISH,290.0,500.0,0.3125,0.0,0.6875
175,0,REWARD,257.5,388.5,0.375,0.0,0.625
175,1,PUNISH,531.0,448.0,0.1875,0.0,0.8125
175,1,REWARD,444.5,577.5,0.375,0.0,0.625
176,0,PUNISH,535.0,643.0,0.4375,0.0,0.5625
176,0,REWARD,569.5,565.5,0.625,0.0,0.375
176,1,PUNISH,661.0,659.0,0.5,0.0,0.5
176,1,REWARD,593.0,652.5,0.5,0.0,0.5
177,0,PUNISH,377.0,530.0,0.5,0.0,0.5
177,0,REWARD,338.0,496.0,0.5625,0.0,0.4375
177,1,PUNISH,444.0,518.0,0.4375,0.0,0.5625
177,1,REWARD,434.5,383.0,0.533333333333,0.0,0.46666666666699996
178,0,PUNISH,367.0,394.0,0.5625,0.0,0.4375
178,0,REWARD,377.0,480.0,0.3125,0.0,0.6875
178,1,PUNISH,483.5,423.5,0.5,0.0,0.5
178,1,REWARD,443.0,374.0,0.5625,0.0,0.4375
179,0,PUNISH,380.0,433.0,0.5625,0.0,0.4375
179,0,REWARD,429.0,429.0,0.5,0.0,0.5
179,1,PUNISH,488.5,450.5,0.5,0.0,0.5
179,1,REWARD,449.5,466.0,0.533333333333,0.0,0.46666666666699996
180,0,PUNISH,289.0,319.0,0.5,0.0,0.5
180,0,REWARD,274.5,347.5,0.625,0.0,0.375
180,1,PUNISH,383.0,326.5,0.6,0.0,0.4
180,1,REWARD,317.5,578.0,0.625,0.0,0.375
181,0,PUNISH,271.0,296.5,0.33333333333299997,0.0,0.666666666667
181,0,REWARD,353.0,324.5,0.46666666666699996,0.0,0.533333333333
181,1,PUNISH,326.0,263.0,0.3125,0.0,0.6875
181,1,REWARD,303.0,356.0,0.5625,0.0,0.4375
182,0,PUNISH,233.0,236.0,0.6875,0.0,0.3125
182,0,REWARD,237.0,275.0,0.5625,0.0,0.4375
182,1,PUNISH,237.0,261.0,0.0625,0.0,0.9375
182,1,REWARD,,303.0,0.0,0.0,1.0
183,0,PUNISH,407.0,523.0,0.1875,0.0,0.8125
183,0,REWARD,484.0,476.0,0.375,0.0,0.625
183,1,PUNISH,576.0,489.5,0.5,0.0,0.5
183,1,REWARD,437.0,508.5,0.5,0.0,0.5
184,0,PUNISH,530.0,478.0,0.4375,0.0,0.5625
184,0,REWARD,552.0,353.5,0.625,0.0,0.375
184,1,PUNISH,482.0,445.5,0.5,0.0,0.5
184,1,REWARD,563.0,479.5,0.5,0.0,0.5
185,0,PUNISH,239.0,335.0,0.1875,0.0,0.8125
185,0,REWARD,583.0,297.0,0.266666666667,0.0,0.733333333333
185,1,PUNISH,207.0,557.0,0.46666666666699996,0.0,0.533333333333
185,1,REWARD,,434.0,0.0,0.0,1.0
186,0,PUNISH,281.0,283.0,0.5625,0.0,0.4375
186,0,REWARD,529.0,438.0,0.4375,0.0,0.5625
186,1,PUNISH,346.0,405.0,0.33333333333299997,0.0,0.666666666667
186,1,REWARD,508.5,390.5,0.625,0.0,0.375
187,0,PUNISH,305.0,288.0,0.375,0.0,0.625
187,0,REWARD,308.0,235.0,0.9375,0.0,0.0625
187,1,PUNISH,374.0,385.5,0.75,0.0,0.25
187,1,REWARD,441.0,450.0,0.6875,0.0,0.3125
188,0,PUNISH,635.5,366.0,0.5,0.0,0.5
188,0,REWARD,634.0,545.0,0.125,0.0,0.875
188,1,PUNISH,500.0,553.0,0.4375,0.0,0.5625
188,1,REWARD,422.5,466.0,0.25,0.0,0.75
189,0,PUNISH,461.0,625.0,0.4375,0.0,0.5625
189,0,REWARD,615.5,648.5,0.5,0.0,0.5
189,1,PUNISH,528.0,665.0,0.4,0.0,0.6
189,1,REWARD,548.5,559.0,0.4,0.0,0.6
190,0,PUNISH,580.0,525.0,0.6875,0.0,0.3125
190,0,REWARD,615.0,553.0,0.3125,0.0,0.6875
190,1,PUNISH,535.0,880.0,0.9375,0.0,0.0625
190,1,REWARD,524.0,527.0,0.1875,0.0,0.8125
191,0,PUNISH,232.0,247.0,0.4375,0.0,0.5625
191,0,REWARD,227.5,288.0,0.125,0.0,0.875
191,1,PUNISH,260.0,208.0,0.5,0.0,0.5
191,1,REWARD,261.0,260.5,0.5,0.0,0.5
192,0,PUNISH,294.5,318.0,0.533333333333,0.0,0.46666666666699996
192,0,REWARD,304.0,315.0,0.4375,0.0,0.5625
192,1,PUNISH,442.0,455.0,0.5625,0.0,0.4375
192,1,REWARD,390.0,470.5,0.375,0.0,0.625
193,0,PUNISH,327.5,351.5,0.625,0.0,0.375
193,0,REWARD,289.0,352.0,0.5,0.0,0.5
193,1,PUNISH,273.5,352.0,0.375,0.0,0.625
193,1,REWARD,287.0,358.5,0.375,0.0,0.625
194,0,PUNISH,433.0,266.0,0.5625,0.0,0.4375
194,0,REWARD,214.5,312.5,0.625,0.0,0.375
194,1,PUNISH,338.0,255.0,0.2,0.0,0.8
194,1,REWARD,352.0,390.0,0.5625,0.0,0.4375
195,0,PUNISH,298.0,316.0,0.6875,0.0,0.3125
195,0,REWARD,319.0,359.0,0.5625,0.0,0.4375
195,1,PUNISH,372.0,378.0,0.5,0.0,0.5
195,1,REWARD,314.5,344.0,0.533333333333,0.0,0.46666666666699996
196,0,PUNISH,289.0,288.0,0.375,0.0,0.625
196,0,REWARD,273.0,317.0,0.5,0.0,0.5
196,1,PUNISH,355.0,304.0,0.5625,0.0,0.4375
196,1,REWARD,335.0,298.0,0.5625,0.0,0.4375
197,0,PUNISH,377.0,430.0,0.4375,0.0,0.5625
197,0,REWARD,354.0,351.0,0.625,0.0,0.375
197,1,PUNISH,397.5,362.5,0.5,0.0,0.5
197,1,REWARD,446.0,407.0,0.0625,0.0,0.9375
198,0,PUNISH,,307.5,0.0,0.0,1.0
198,0,REWARD,,353.5,0.0,0.0,1.0
198,1,PUNISH,,377.0,0.0,0.0,1.0
198,1,REWARD,,344.5,0.0,0.0,1.0
199,0,PUNISH,284.5,333.5,0.75,0.0,0.25
199,0,REWARD,295.0,302.0,0.3125,0.0,0.6875
199,1,PUNISH,330.0,315.0,0.25,0.0,0.75
199,1,REWARD,327.0,318.0,0.5625,0.0,0.4375
200,0,PUNISH,280.0,292.5,0.375,0.0,0.625
200,0,REWARD,372.5,351.5,0.75,0.0,0.25
200,1,PUNISH,219.0,283.0,0.5625,0.0,0.4375
200,1,REWARD,295.0,288.0,0.5625,0.0,0.4375
201,0,PUNISH,376.5,431.5,0.375,0.0,0.625
201,0,REWARD,404.5,342.5,0.5,0.0,0.5
201,1,PUNISH,350.0,302.0,0.625,0.0,0.375
201,1,REWARD,397.0,337.0,0.5,0.0,0.5
202,0,PUNISH,298.5,393.0,0.75,0.0,0.25
202,0,REWARD,269.0,449.0,0.9375,0.0,0.0625
202,1,PUNISH,387.0,371.0,0.5625,0.0,0.4375
202,1,REWARD,356.0,303.0,0.6875,0.0,0.3125
203,0,PUNISH,301.5,334.0,0.25,0.0,0.75
203,0,REWARD,343.0,331.0,0.1875,0.0,0.8125
203,1,PUNISH,277.5,325.0,0.75,0.0,0.25
203,1,REWARD,,298.5,0.0,0.0,1.0
204,0,PUNISH,308.0,211.0,0.5625,0.0,0.4375
204,0,REWARD,249.0,264.0,0.5625,0.0,0.4375
204,1,PUNISH,316.5,326.0,0.875,0.0,0.125
204,1,REWARD,345.0,432.5,0.5,0.0,0.5
205,0,PUNISH,350.0,345.0,0.5625,0.0,0.4375
205,0,REWARD,332.0,426.0,0.375,0.0,0.625
205,1,PUNISH,525.0,322.5,0.2,0.0,0.8
205,1,REWARD,285.0,295.0,0.375,0.0,0.625
206,0,PUNISH,395.5,302.5,0.625,0.0,0.375
206,0,REWARD,290.0,,1.0,0.0,0.0
206,1,PUNISH,497.0,432.5,0.625,0.0,0.375
206,1,REWARD,458.0,353.0,0.3125,0.0,0.6875
207,0,PUNISH,289.0,322.0,0.4375,0.0,0.5625
207,0,REWARD,441.0,337.0,0.4375,0.0,0.5625
207,1,PUNISH,322.5,393.0,0.625,0.0,0.375
207,1,REWARD,399.0,357.0,0.5625,0.0,0.4375
208,0,PUNISH,436.0,525.0,0.5625,0.0,0.4375
208,0,REWARD,294.0,378.0,0.5625,0.0,0.4375
208,1,PUNISH,419.0,497.0,0.4375,0.0,0.5625
208,1,REWARD,558.0,411.0,0.4375,0.0,0.5625
209,0,PUNISH,460.0,461.0,0.375,0.0,0.625
209,0,REWARD,421.0,429.0,0.3125,0.0,0.6875
209,1,PUNISH,613.5,752.0,0.375,0.0,0.625
209,1,REWARD,765.0,663.0,0.4375,0.0,0.5625
210,0,PUNISH,316.5,356.0,0.666666666667,0.0,0.33333333333299997
210,0,REWARD,576.0,427.0,0.3125,0.0,0.6875
210,1,PUNISH,503.0,440.0,0.4375,0.0,0.5625
210,1,REWARD,489.0,535.0,0.666666666667,0.0,0.33333333333299997
211,0,PUNISH,614.0,574.0,0.5625,0.0,0.4375
211,0,REWARD,704.0,620.0,0.3125,0.0,0.6875
211,1,PUNISH,423.0,581.0,0.3125,0.0,0.6875
211,1,REWARD,458.0,582.0,0.375,0.0,0.625
212,0,PUNISH,483.5,371.5,0.375,0.0,0.625
212,0,REWARD,570.0,554.0,0.5,0.0,0.5
212,1,PUNISH,450.5,515.0,0.666666666667,0.0,0.33333333333299997
212,1,REWARD,628.0,644.0,0.375,0.0,0.625
213,0,PUNISH,594.0,655.0,0.5625,0.0,0.4375
213,0,REWARD,620.0,741.0,0.5,0.0,0.5
213,1,PUNISH,812.5,440.5,0.625,0.0,0.375
213,1,REWARD,661.5,565.5,0.75,0.0,0.25
214,0,PUNISH,,412.5,0.0,0.0,1.0
214,0,REWARD,,342.5,0.0,0.0,1.0
214,1,PUNISH,,359.5,0.0,0.0,1.0
214,1,REWARD,,400.0,0.0,0.0,1.0
215,0,PUNISH,478.0,413.0,0.625,0.0,0.375
215,0,REWARD,567.0,574.0,0.6875,0.0,0.3125
215,1,PUNISH,563.5,867.5,0.5,0.0,0.5
215,1,REWARD,564.0,554.0,0.5625,0.0,0.4375
216,0,PUNISH,214.0,275.0,0.4375,0.0,0.5625
216,0,REWARD,243.0,243.0,0.5625,0.0,0.4375
216,1,PUNISH,260.0,241.0,0.8125,0.0,0.1875
216,1,REWARD,368.0,254.5,0.46666666666699996,0.0,0.533333333333
217,0,PUNISH,456.0,461.0,0.4375,0.0,0.5625
217,0,REWARD,349.0,515.0,0.0625,0.0,0.9375
217,1,PUNISH,479.0,583.0,0.4375,0.0,0.5625
217,1,REWARD,464.0,703.0,0.5625,0.0,0.4375
218,0,PUNISH,349.0,396.0,0.5625,0.0,0.4375
218,0,REWARD,391.0,362.5,0.5,0.0,0.5
218,1,PUNISH,363.0,385.0,0.5625,0.0,0.4375
218,1,REWARD,414.0,413.5,0.5,0.0,0.5
219,0,PUNISH,485.5,385.0,0.375,0.0,0.625
219,0,REWARD,374.0,410.5,0.5,0.0,0.5
219,1,PUNISH,381.0,421.0,0.4375,0.0,0.5625
219,1,REWARD,370.0,437.0,0.3125,0.0,0.6875
220,0,PUNISH,354.0,407.5,0.625,0.0,0.375
220,0,REWARD,388.0,413.0,0.5625,0.0,0.4375
220,1,PUNISH,372.0,446.0,0.5625,0.0,0.4375
220,1,REWARD,394.0,470.0,0.625,0.0,0.375
221,0,PUNISH,247.5,253.5,0.5,0.0,0.5
221,0,REWARD,256.0,258.0,0.4375,0.0,0.5625
221,1,PUNISH,288.0,286.0,0.4375,0.0,0.5625
221,1,REWARD,288.0,326.0,0.4375,0.0,0.5625
222,0,PUNISH,468.0,497.0,0.3125,0.0,0.6875
222,0,REWARD,607.0,551.5,0.5,0.0,0.5
222,1,PUNISH,413.0,517.0,0.733333333333,0.0,0.266666666667
222,1,REWARD,456.0,479.0,0.5,0.0,0.5
223,0,PUNISH,201.5,232.0,0.5,0.0,0.5
223,0,REWARD,243.5,251.0,0.75,0.0,0.25
223,1,PUNISH,299.0,307.0,0.6875,0.0,0.3125
223,1,REWARD,352.0,302.5,0.46666666666699996,0.0,0.533333333333
224,0,PUNISH,348.0,304.5,0.625,0.0,0.375
224,0,REWARD,275.0,387.0,0.5625,0.0,0.4375
224,1,PUNISH,289.0,336.0,0.5625,0.0,0.4375
224,1,REWARD,325.0,371.5,0.625,0.0,0.375
225,0,PUNISH,273.0,270.0,0.5625,0.0,0.4375
225,0,REWARD,339.5,309.0,0.5,0.0,0.5
225,1,PUNISH,280.5,295.0,0.5,0.0,0.5
225,1,REWARD,399.0,293.5,0.5,0.0,0.5
226,0,PUNISH,538.0,602.5,0.375,0.0,0.625
226,0,REWARD,371.0,412.0,0.3125,0.0,0.6875
226,1,PUNISH,532.5,430.0,0.533333333333,0.0,0.46666666666699996
226,1,REWARD,620.0,410.5,0.46666666666699996,0.0,0.533333333333
227,0,PUNISH,424.5,428.0,0.5,0.0,0.5
227,0,REWARD,440.5,447.5,0.75,0.0,0.25
227,1,PUNISH,479.0,374.5,0.125,0.0,0.875
227,1,REWARD,499.0,433.0,0.46666666666699996,0.0,0.533333333333
228,0,PUNISH,622.5,688.5,0.5,0.0,0.5
228,0,REWARD,535.5,579.5,0.5,0.0,0.5
228,1,PUNISH,554.0,676.5,0.28571428571400004,0.0,0.714285714286
228,1,REWARD,580.0,521.0,0.4375,0.0,0.5625
229,0,PUNISH,270.0,257.0,0.6875,0.0,0.3125
229,0,REWARD,316.0,271.0,0.4375,0.0,0.5625
229,1,PUNISH,446.0,332.0,0.8125,0.0,0.1875
229,1,REWARD,325.0,380.0,0.375,0.0,0.625
230,0,PUNISH,261.0,301.0,0.625,0.0,0.375
230,0,REWARD,295.5,316.0,0.625,0.0,0.375
230,1,PUNISH,316.0,265.0,0.1875,0.0,0.8125
230,1,REWARD,360.5,321.5,0.5,0.0,0.5
231,0,PUNISH,296.0,316.0,0.625,0.0,0.375
231,0,REWARD,290.0,311.0,0.4375,0.0,0.5625
231,1,PUNISH,332.0,395.0,0.375,0.0,0.625
231,1,REWARD,541.0,456.0,0.4375,0.0,0.5625
232,0,PUNISH,238.0,232.0,0.5625,0.0,0.4375
232,0,REWARD,369.0,291.0,0.266666666667,0.0,0.733333333333
232,1,PUNISH,483.0,300.0,0.625,0.0,0.375
232,1,REWARD,344.0,333.0,0.4,0.0,0.6
233,0,PUNISH,368.0,431.0,0.4375,0.0,0.5625
233,0,REWARD,604.5,534.0,0.25,0.0,0.75
233,1,PUNISH,340.0,542.0,0.3125,0.0,0.6875
233,1,REWARD,414.0,453.0,0.3125,0.0,0.6875
234,0,PUNISH,406.0,257.5,0.5,0.0,0.5
234,0,REWARD,399.0,401.0,0.4375,0.0,0.5625
234,1,PUNISH,371.5,347.5,0.5,0.0,0.5
234,1,REWARD,410.0,434.0,0.4375,0.0,0.5625
235,0,PUNISH,439.5,416.0,0.5,0.0,0.5
235,0,REWARD,425.5,449.5,0.625,0.0,0.375
235,1,PUNISH,394.0,454.0,0.5625,0.0,0.4375
235,1,REWARD,435.5,411.5,0.5,0.0,0.5
236,0,PUNISH,473.0,567.0,0.733333333333,0.0,0.266666666667
236,0,REWARD,485.0,394.0,0.692307692308,0.0,0.307692307692
236,1,PUNISH,882.0,659.0,0.642857142857,0.0,0.357142857143
236,1,REWARD,912.0,520.0,0.733333333333,0.0,0.266666666667
237,0,PUNISH,,312.5,0.0,0.0,1.0
237,0,REWARD,,292.0,0.0,0.0,1.0
237,1,PUNISH,,322.0,0.0,0.0,1.0
237,1,REWARD,,317.0,0.0,0.0,1.0
238,0,PUNISH,189.5,275.5,0.375,0.0,0.625
238,0,REWARD,223.0,235.0,0.8125,0.0,0.1875
238,1,PUNISH,268.0,301.0,0.5,0.0,0.5
238,1,REWARD,363.0,255.0,0.375,0.0,0.625
239,0,PUNISH,452.0,461.0,0.5625,0.0,0.4375
239,0,REWARD,559.0,413.0,0.4375,0.0,0.5625
239,1,PUNISH,405.0,567.0,0.5625,0.0,0.4375
239,1,REWARD,507.5,472.0,0.375,0.0,0.625
240,0,PUNISH,239.0,266.0,0.5625,0.0,0.4375
240,0,REWARD,227.0,210.0,0.8125,0.0,0.1875
240,1,PUNISH,217.0,312.0,0.4375,0.0,0.5625
240,1,REWARD,281.5,267.0,0.375,0.0,0.625
241,0,PUNISH,320.0,361.0,0.625,0.0,0.375
241,0,REWARD,387.0,329.5,0.625,0.0,0.375
241,1,PUNISH,369.0,350.0,0.4375,0.0,0.5625
241,1,REWARD,345.0,366.0,0.6,0.0,0.4
242,0,PUNISH,459.0,763.0,0.5625,0.0,0.4375
242,0,REWARD,807.0,783.0,0.5625,0.0,0.4375
242,1,PUNISH,836.0,773.0,0.533333333333,0.0,0.46666666666699996
242,1,REWARD,607.5,750.0,0.625,0.0,0.375
243,0,PUNISH,395.5,447.0,0.625,0.0,0.375
243,0,REWARD,504.0,533.0,0.5625,0.0,0.4375
243,1,PUNISH,549.0,528.0,0.6875,0.0,0.3125
243,1,REWARD,636.0,559.0,0.4375,0.0,0.5625
244,0,PUNISH,256.0,209.0,0.5,0.0,0.5
244,0,REWARD,385.0,355.0,0.875,0.0,0.125
244,1,PUNISH,404.0,265.0,0.3125,0.0,0.6875
244,1,REWARD,327.0,419.5,0.733333333333,0.0,0.266666666667
245,0,PUNISH,857.5,756.0,0.5,0.0,0.5
245,0,REWARD,712.0,736.0,0.1875,0.0,0.8125
245,1,PUNISH,784.0,585.5,0.46666666666699996,0.0,0.533333333333
245,1,REWARD,808.0,880.0,0.5625,0.0,0.4375
246,0,PUNISH,556.0,524.5,0.428571428571,0.0,0.5714285714289999
246,0,REWARD,629.0,668.0,0.4,0.0,0.6
246,1,PUNISH,489.0,462.0,0.06666666666669999,0.0,0.933333333333
246,1,REWARD,546.0,812.0,0.4,0.0,0.6
247,0,PUNISH,315.0,397.0,0.3125,0.0,0.6875
247,0,REWARD,319.0,321.0,0.5625,0.0,0.4375
247,1,PUNISH,334.5,344.5,0.25,0.0,0.75
247,1,REWARD,272.5,255.5,0.5,0.0,0.5
248,0,PUNISH,301.0,293.0,0.5625,0.0,0.4375
248,0,REWARD,281.0,273.0,0.5,0.0,0.5
248,1,PUNISH,285.5,291.5,0.25,0.0,0.75
248,1,REWARD,311.0,299.0,0.3125,0.0,0.6875
249,0,PUNISH,414.5,456.5,0.25,0.0,0.75
249,0,REWARD,430.0,461.0,0.3125,0.0,0.6875
249,1,PUNISH,526.0,661.0,0.6875,0.0,0.3125
249,1,REWARD,465.0,486.5,0.46666666666699996,0.0,0.533333333333
250,0,PUNISH,301.0,280.0,0.4375,0.0,0.5625
250,0,REWARD,388.0,321.5,0.75,0.0,0.25
250,1,PUNISH,219.5,506.0,0.625,0.0,0.375
250,1,REWARD,322.5,592.0,0.5,0.0,0.5
251,0,PUNISH,530.0,645.0,0.4375,0.0,0.5625
251,0,REWARD,556.0,476.0,0.375,0.0,0.625
251,1,PUNISH,517.5,431.0,0.375,0.0,0.625
251,1,REWARD,497.0,454.5,0.625,0.0,0.375
252,0,PUNISH,342.5,,1.0,0.0,0.0
252,0,REWARD,314.0,,1.0,0.0,0.0
252,1,PUNISH,371.0,,1.0,0.0,0.0
252,1,REWARD,328.0,,1.0,0.0,0.0
253,0,PUNISH,211.0,340.0,0.5625,0.0,0.4375
253,0,REWARD,278.0,298.5,0.375,0.0,0.625
253,1,PUNISH,228.0,165.0,0.5625,0.0,0.4375
253,1,REWARD,302.0,377.0,0.5625,0.0,0.4375
254,0,PUNISH,595.0,517.5,0.25,0.0,0.75
254,0,REWARD,476.0,552.0,0.5625,0.0,0.4375
254,1,PUNISH,606.5,548.0,0.625,0.0,0.375
254,1,REWARD,486.0,584.0,0.5,0.0,0.5
255,0,PUNISH,451.5,436.0,0.625,0.0,0.375
255,0,REWARD,664.0,449.0,0.5625,0.0,0.4375
255,1,PUNISH,426.0,548.0,0.6875,0.0,0.3125
255,1,REWARD,595.5,540.5,0.625,0.0,0.375
256,0,PUNISH,388.5,337.5,0.625,0.0,0.375
256,0,REWARD,362.0,353.0,0.5625,0.0,0.4375
256,1,PUNISH,348.0,314.0,0.5625,0.0,0.4375
256,1,REWARD,419.5,434.5,0.625,0.0,0.375
257,0,PUNISH,330.5,293.0,0.625,0.0,0.375
257,0,REWARD,318.0,315.0,0.4375,0.0,0.5625
257,1,PUNISH,265.5,301.5,0.5,0.0,0.5
257,1,REWARD,304.0,354.0,0.4375,0.0,0.5625
258,0,PUNISH,235.0,245.0,0.5625,0.0,0.4375
258,0,REWARD,322.0,306.0,0.8125,0.0,0.1875
258,1,PUNISH,250.0,263.0,0.8125,0.0,0.1875
258,1,REWARD,343.0,393.0,0.5625,0.0,0.4375
259,0,PUNISH,324.5,316.5,0.625,0.0,0.375
259,0,REWARD,298.0,282.0,0.5625,0.0,0.4375
259,1,PUNISH,276.0,343.0,0.6875,0.0,0.3125
259,1,REWARD,276.5,273.0,0.666666666667,0.0,0.33333333333299997
260,0,PUNISH,394.0,358.0,0.3125,0.0,0.6875
260,0,REWARD,399.0,402.0,0.5625,0.0,0.4375
260,1,PUNISH,578.0,506.0,0.375,0.0,0.625
260,1,REWARD,624.0,497.0,0.4375,0.0,0.5625
261,0,PUNISH,386.0,398.5,0.375,0.0,0.625
261,0,REWARD,347.0,336.5,0.75,0.0,0.25
261,1,PUNISH,378.0,397.0,0.5625,0.0,0.4375
261,1,REWARD,529.0,444.0,0.5625,0.0,0.4375
262,0,PUNISH,366.0,472.5,0.5,0.0,0.5
262,0,REWARD,437.0,502.0,0.3125,0.0,0.6875
262,1,PUNISH,396.0,382.0,0.5625,0.0,0.4375
262,1,REWARD,379.0,328.0,0.5625,0.0,0.4375
263,0,PUNISH,210.0,258.5,0.25,0.0,0.75
263,0,REWARD,258.0,343.0,0.5,0.0,0.5
263,1,PUNISH,304.5,326.5,0.375,0.0,0.625
263,1,REWARD,301.0,426.5,0.33333333333299997,0.0,0.666666666667
264,0,PUNISH,230.0,230.0,0.6875,0.0,0.3125
264,0,REWARD,237.0,244.0,0.375,0.0,0.625
264,1,PUNISH,230.0,254.0,0.5625,0.0,0.4375
264,1,REWARD,291.0,297.0,0.4375,0.0,0.5625
265,0,PUNISH,364.0,352.0,0.4375,0.0,0.5625
265,0,REWARD,350.5,356.0,0.125,0.0,0.875
265,1,PUNISH,315.5,375.0,0.25,0.0,0.75
265,1,REWARD,330.0,353.0,0.4375,0.0,0.5625
266,0,PUNISH,236.0,252.0,0.5,0.0,0.5
266,0,REWARD,222.5,234.0,0.375,0.0,0.625
266,1,PUNISH,264.5,244.5,0.625,0.0,0.375
266,1,REWARD,253.5,222.5,0.625,0.0,0.375
267,0,PUNISH,367.0,385.0,0.8125,0.0,0.1875
267,0,REWARD,314.5,426.0,0.5,0.0,0.5
267,1,PUNISH,326.5,387.0,0.625,0.0,0.375
267,1,REWARD,315.0,427.5,0.25,0.0,0.75
268,0,PUNISH,504.0,666.0,0.46666666666699996,0.0,0.533333333333
268,0,REWARD,448.0,510.0,0.5625,0.0,0.4375
268,1,PUNISH,786.0,690.0,0.5,0.0,0.5
268,1,REWARD,665.0,677.0,0.5,0.0,0.5
269,0,PUNISH,326.0,326.0,0.4375,0.0,0.5625
269,0,REWARD,355.5,403.5,0.625,0.0,0.375
269,1,PUNISH,328.5,370.5,0.5,0.0,0.5
269,1,REWARD,547.0,419.0,0.375,0.0,0.625
270,0,PUNISH,264.0,293.0,0.375,0.0,0.625
270,0,REWARD,278.0,347.0,0.375,0.0,0.625
270,1,PUNISH,298.0,287.0,0.4375,0.0,0.5625
270,1,REWARD,259.0,245.0,0.6,0.0,0.4
271,0,PUNISH,415.5,498.0,0.375,0.0,0.625
271,0,REWARD,474.0,495.0,0.625,0.0,0.375
271,1,PUNISH,557.0,719.0,0.3125,0.0,0.6875
271,1,REWARD,372.0,575.0,0.3125,0.0,0.6875
272,0,PUNISH,411.0,436.0,0.4375,0.0,0.5625
272,0,REWARD,498.0,383.0,0.5625,0.0,0.4375
272,1,PUNISH,352.5,360.0,0.375,0.0,0.625
272,1,REWARD,368.0,432.0,0.5625,0.0,0.4375
273,0,PUNISH,345.0,,1.0,0.0,0.0
273,0,REWARD,377.0,,1.0,0.0,0.0
273,1,PUNISH,641.5,380.5,0.125,0.0,0.875
273,1,REWARD,,374.5,0.0,0.0,1.0
274,0,PUNISH,210.0,228.0,0.4375,0.0,0.5625
274,0,REWARD,243.0,240.0,0.5625,0.0,0.4375
274,1,PUNISH,298.0,265.0,0.5625,0.0,0.4375
274,1,REWARD,321.0,252.0,0.5625,0.0,0.4375
275,0,PUNISH,307.0,265.0,0.4375,0.0,0.5625
275,0,REWARD,276.5,287.0,0.625,0.0,0.375
275,1,PUNISH,287.5,297.0,0.625,0.0,0.375
275,1,REWARD,378.5,281.0,0.125,0.0,0.875
276,0,PUNISH,351.0,418.0,0.6875,0.0,0.3125
276,0,REWARD,346.0,332.0,0.4375,0.0,0.5625
276,1,PUNISH,453.0,456.0,0.5,0.0,0.5
276,1,REWARD,377.0,382.0,0.6,0.0,0.4
277,0,PUNISH,342.0,265.0,0.375,0.0,0.625
277,0,REWARD,275.0,272.0,0.4375,0.0,0.5625
277,1,PUNISH,432.0,283.0,0.25,0.0,0.75
277,1,REWARD,362.0,302.5,0.5,0.0,0.5
278,0,PUNISH,274.0,327.5,0.5,0.0,0.5
278,0,REWARD,430.0,344.0,0.4375,0.0,0.5625
278,1,PUNISH,348.0,326.0,0.4375,0.0,0.5625
278,1,REWARD,502.0,305.5,0.5,0.0,0.5
279,0,PUNISH,430.0,507.0,0.6875,0.0,0.3125
279,0,REWARD,360.0,459.0,0.6875,0.0,0.3125
279,1,PUNISH,599.0,459.0,0.5625,0.0,0.4375
279,1,REWARD,491.5,617.0,0.5,0.0,0.5
280,0,PUNISH,289.5,377.0,0.5,0.0,0.5
280,0,REWARD,284.5,347.0,0.5,0.0,0.5
280,1,PUNISH,416.0,346.5,0.6,0.0,0.4
280,1,REWARD,460.0,398.5,0.5,0.0,0.5
281,0,PUNISH,354.5,271.0,0.25,0.0,0.75
281,0,REWARD,279.0,310.5,0.5,0.0,0.5
281,1,PUNISH,251.0,316.0,0.3125,0.0,0.6875
281,1,REWARD,225.0,265.0,0.06666666666669999,0.0,0.933333333333
282,0,PUNISH,459.0,558.0,0.5625,0.0,0.4375
282,0,REWARD,588.5,518.0,0.375,0.0,0.625
282,1,PUNISH,573.0,533.0,0.4375,0.0,0.5625
282,1,REWARD,692.5,523.0,0.5,0.0,0.5
283,0,PUNISH,310.0,301.0,0.4375,0.0,0.5625
283,0,REWARD,385.0,378.0,0.4375,0.0,0.5625
283,1,PUNISH,298.0,544.0,0.8125,0.0,0.1875
283,1,REWARD,300.0,305.0,0.4375,0.0,0.5625
284,0,PUNISH,331.0,305.0,0.4375,0.0,0.5625
284,0,REWARD,475.0,447.0,0.5,0.0,0.5
284,1,PUNISH,483.5,499.5,0.5,0.0,0.5
284,1,REWARD,598.5,695.0,0.375,0.0,0.625
285,0,PUNISH,378.0,331.0,0.5,0.0,0.5
285,0,REWARD,462.5,398.0,0.625,0.0,0.375
285,1,PUNISH,527.0,466.0,0.5,0.0,0.5
285,1,REWARD,368.0,407.0,0.4375,0.0,0.5625
286,0,PUNISH,353.0,313.0,0.4375,0.0,0.5625
286,0,REWARD,322.0,328.0,0.6,0.0,0.4
286,1,PUNISH,430.0,589.0,0.5625,0.0,0.4375
286,1,REWARD,462.0,554.0,0.533333333333,0.0,0.46666666666699996
287,0,PUNISH,263.0,306.0,0.933333333333,0.0,0.06666666666669999
287,0,REWARD,354.5,227.0,0.5,0.0,0.5
287,1,PUNISH,,324.5,0.0,0.0,1.0
287,1,REWARD,,294.0,0.0,0.0,1.0
288,0,PUNISH,217.0,216.0,0.4375,0.0,0.5625
288,0,REWARD,216.0,219.0,0.4375,0.0,0.5625
288,1,PUNISH,239.5,220.5,0.375,0.0,0.625
288,1,REWARD,250.0,264.0,0.533333333333,0.0,0.46666666666699996
289,0,PUNISH,446.0,492.0,0.4375,0.0,0.5625
289,0,REWARD,397.0,616.0,0.4375,0.0,0.5625
289,1,PUNISH,530.0,627.0,0.4375,0.0,0.5625
289,1,REWARD,577.5,591.0,0.25,0.0,0.75
290,0,PUNISH,,342.5,0.0,0.0,1.0
290,0,REWARD,,350.0,0.0,0.0,1.0
290,1,PUNISH,,359.0,0.0,0.0,1.0
290,1,REWARD,,431.5,0.0,0.0,1.0
291,0,PUNISH,287.5,354.0,0.375,0.0,0.625
291,0,REWARD,419.0,295.0,0.4375,0.0,0.5625
291,1,PUNISH,329.5,254.0,0.625,0.0,0.375
291,1,REWARD,313.0,406.0,0.3125,0.0,0.6875
292,0,PUNISH,616.0,564.5,0.625,0.0,0.375
292,0,REWARD,775.0,628.0,0.4375,0.0,0.5625
292,1,PUNISH,624.0,648.0,0.5625,0.0,0.4375
292,1,REWARD,638.0,627.0,0.533333333333,0.0,0.46666666666699996
293,0,PUNISH,420.0,394.0,0.5,0.0,0.5
293,0,REWARD,441.0,348.0,0.4375,0.0,0.5625
293,1,PUNISH,512.5,492.5,0.5,0.0,0.5
293,1,REWARD,554.0,485.0,0.5625,0.0,0.4375
294,0,PUNISH,557.0,467.0,0.25,0.0,0.75
294,0,REWARD,458.0,372.0,0.375,0.0,0.625
294,1,PUNISH,628.0,487.5,0.6,0.0,0.4
294,1,REWARD,501.0,604.0,0.625,0.0,0.375
295,0,PUNISH,282.5,267.0,0.625,0.0,0.375
295,0,REWARD,302.5,263.0,0.75,0.0,0.25
295,1,PUNISH,300.5,255.0,0.25,0.0,0.75
295,1,REWARD,352.0,486.0,0.625,0.0,0.375
296,0,PUNISH,847.0,544.5,0.375,0.0,0.625
296,0,REWARD,578.0,685.0,0.5625,0.0,0.4375
296,1,PUNISH,619.5,590.5,0.875,0.0,0.125
296,1,REWARD,544.0,439.0,0.5625,0.0,0.4375
297,0,PUNISH,363.0,340.0,0.625,0.0,0.375
297,0,REWARD,425.5,350.5,0.625,0.0,0.375
297,1,PUNISH,306.0,282.0,0.6875,0.0,0.3125
297,1,REWARD,320.5,312.0,0.533333333333,0.0,0.46666666666699996
298,0,PUNISH,218.0,204.0,0.4375,0.0,0.5625
298,0,REWARD,191.0,230.0,0.46666666666699996,0.0,0.533333333333
298,1,PUNISH,219.0,595.5,0.75,0.0,0.25
298,1,REWARD,318.5,249.5,0.5,0.0,0.5
299,0,PUNISH,278.0,245.0,0.5625,0.0,0.4375
299,0,REWARD,295.0,266.0,0.75,0.0,0.25
299,1,PUNISH,304.0,268.5,0.875,0.0,0.125
299,1,REWARD,309.0,353.0,0.8125,0.0,0.1875
300,0,PUNISH,263.0,232.0,0.375,0.0,0.625
300,0,REWARD,226.5,215.0,0.625,0.0,0.375
300,1,PUNISH,206.0,320.0,0.5625,0.0,0.4375
300,1,REWARD,217.0,218.0,0.666666666667,0.0,0.33333333333299997
301,0,PUNISH,436.5,453.0,0.375,0.0,0.625
301,0,REWARD,405.0,487.0,0.4375,0.0,0.5625
301,1,PUNISH,533.0,500.0,0.4375,0.0,0.5625
301,1,REWARD,457.0,551.0,0.1875,0.0,0.8125
302,0,PUNISH,329.0,422.0,0.3125,0.0,0.6875
302,0,REWARD,443.5,400.5,0.5,0.0,0.5
302,1,PUNISH,507.5,467.0,0.5,0.0,0.5
302,1,REWARD,448.0,483.0,0.4375,0.0,0.5625
303,0,PUNISH,419.5,443.0,0.5,0.0,0.5
303,0,REWARD,396.0,380.0,0.6875,0.0,0.3125
303,1,PUNISH,543.5,407.0,0.625,0.0,0.375
303,1,REWARD,665.0,508.0,0.46666666666699996,0.0,0.533333333333
304,0,PUNISH,331.5,376.0,0.5,0.0,0.5
304,0,REWARD,303.0,342.0,0.625,0.0,0.375
304,1,PUNISH,435.0,412.0,0.5,0.0,0.5
304,1,REWARD,349.0,351.0,0.5,0.0,0.5
305,0,PUNISH,502.0,606.0,0.533333333333,0.0,0.46666666666699996
305,0,REWARD,475.5,600.5,0.5,0.0,0.5
305,1,PUNISH,645.5,882.0,0.25,0.0,0.75
305,1,REWARD,661.0,699.0,0.5,0.0,0.5
306,0,PUNISH,312.0,263.0,0.533333333333,0.0,0.46666666666699996
306,0,REWARD,363.0,320.5,0.6,0.0,0.4
306,1,PUNISH,456.0,289.0,0.6,0.0,0.4
306,1,REWARD,596.0,450.0,0.5,0.0,0.5
307,0,PUNISH,285.0,327.0,0.5625,0.0,0.4375
307,0,REWARD,312.5,341.5,0.5,0.0,0.5
307,1,PUNISH,271.0,334.5,0.5,0.0,0.5
307,1,REWARD,326.0,352.0,0.5625,0.0,0.4375
308,0,PUNISH,348.0,361.0,0.375,0.0,0.625
308,0,REWARD,396.0,415.0,0.4375,0.0,0.5625
308,1,PUNISH,297.5,412.0,0.4,0.0,0.6
308,1,REWARD,337.0,401.0,0.4375,0.0,0.5625
309,0,PUNISH,279.5,278.0,0.25,0.0,0.75
309,0,REWARD,267.5,326.0,0.5,0.0,0.5
309,1,PUNISH,285.0,318.0,0.8,0.0,0.2
309,1,REWARD,472.0,318.0,0.1875,0.0,0.8125
310,0,PUNISH,381.0,359.5,0.75,0.0,0.25
310,0,REWARD,386.0,390.5,0.625,0.0,0.375
310,1,PUNISH,385.0,386.0,0.5,0.0,0.5
310,1,REWARD,362.0,420.0,0.6875,0.0,0.3125
311,0,PUNISH,758.0,573.5,0.625,0.0,0.375
311,0,REWARD,676.0,590.0,0.5625,0.0,0.4375
311,1,PUNISH,715.5,650.5,0.5,0.0,0.5
311,1,REWARD,875.5,663.0,0.625,0.0,0.375
312,0,PUNISH,422.5,438.0,0.625,0.0,0.375
312,0,REWARD,394.5,436.0,0.5,0.0,0.5
312,1,PUNISH,433.0,513.0,0.3125,0.0,0.6875
312,1,REWARD,421.0,397.0,0.4375,0.0,0.5625
313,0,PUNISH,437.0,342.0,0.375,0.0,0.625
313,0,REWARD,268.0,302.0,0.4375,0.0,0.5625
313,1,PUNISH,318.0,291.0,0.5625,0.0,0.4375
313,1,REWARD,314.0,388.0,0.5,0.0,0.5
314,0,PUNISH,307.5,288.5,0.5,0.0,0.5
314,0,REWARD,457.0,,1.0,0.0,0.0
314,1,PUNISH,460.0,282.0,0.375,0.0,0.625
314,1,REWARD,386.0,465.0,0.3125,0.0,0.6875
315,0,PUNISH,452.0,586.0,0.6875,0.0,0.3125
315,0,REWARD,527.0,571.5,0.5,0.0,0.5
315,1,PUNISH,927.0,596.0,0.1875,0.0,0.8125
315,1,REWARD,614.0,571.0,0.5625,0.0,0.4375
316,0,PUNISH,465.0,584.0,0.5625,0.0,0.4375
316,0,REWARD,496.0,535.5,0.5,0.0,0.5
316,1,PUNISH,661.0,480.0,0.4375,0.0,0.5625
316,1,REWARD,686.5,518.0,0.5,0.0,0.5
317,0,PUNISH,318.0,291.5,0.5,0.0,0.5
317,0,REWARD,375.0,492.0,0.5625,0.0,0.4375
317,1,PUNISH,272.0,310.0,0.533333333333,0.0,0.46666666666699996
317,1,REWARD,400.0,368.5,0.46666666666699996,0.0,0.533333333333
318,0,PUNISH,323.5,324.5,0.5,0.0,0.5
318,0,REWARD,371.0,323.5,0.625,0.0,0.375
318,1,PUNISH,352.0,336.0,0.733333333333,0.0,0.266666666667
318,1,REWARD,364.0,283.0,0.625,0.0,0.375
319,0,PUNISH,323.0,294.0,0.357142857143,0.0,0.642857142857
319,0,REWARD,362.0,274.0,0.4375,0.0,0.5625
319,1,PUNISH,432.5,505.5,0.25,0.0,0.75
319,1,REWARD,458.0,536.0,0.33333333333299997,0.0,0.666666666667
320,0,PUNISH,662.0,623.0,0.4375,0.0,0.5625
320,0,REWARD,573.0,530.0,0.33333333333299997,0.0,0.666666666667
320,1,PUNISH,1005.0,794.0,0.625,0.0,0.375
320,1,REWARD,685.0,695.0,0.5,0.0,0.5
321,0,PUNISH,369.0,634.0,0.6875,0.0,0.3125
321,0,REWARD,501.5,573.0,0.5,0.0,0.5
321,1,PUNISH,527.0,505.5,0.5,0.0,0.5
321,1,REWARD,542.5,394.5,0.5,0.0,0.5
322,0,PUNISH,247.5,256.0,0.375,0.0,0.625
322,0,REWARD,246.0,243.0,0.5,0.0,0.5
322,1,PUNISH,241.5,255.0,0.25,0.0,0.75
322,1,REWARD,226.5,238.0,0.5,0.0,0.5
323,0,PUNISH,203.0,225.0,0.6875,0.0,0.3125
323,0,REWARD,208.0,228.0,0.533333333333,0.0,0.46666666666699996
323,1,PUNISH,238.5,325.5,0.5,0.0,0.5
323,1,REWARD,242.0,264.0,0.5625,0.0,0.4375
324,0,PUNISH,318.0,380.0,0.5625,0.0,0.4375
324,0,REWARD,307.0,428.0,0.5625,0.0,0.4375
324,1,PUNISH,340.0,465.0,0.4375,0.0,0.5625
324,1,REWARD,334.5,324.0,0.375,0.0,0.625
325,0,PUNISH,301.0,270.0,0.4375,0.0,0.5625
325,0,REWARD,322.5,418.0,0.625,0.0,0.375
325,1,PUNISH,358.5,349.5,0.625,0.0,0.375
325,1,REWARD,340.0,362.0,0.6875,0.0,0.3125
326,0,PUNISH,386.0,364.5,0.625,0.0,0.375
326,0,REWARD,327.0,403.0,0.8125,0.0,0.1875
326,1,PUNISH,308.0,330.0,0.5625,0.0,0.4375
326,1,REWARD,561.0,321.0,0.625,0.0,0.375
327,0,PUNISH,528.0,463.0,0.4375,0.0,0.5625
327,0,REWARD,552.0,533.0,0.625,0.0,0.375
327,1,PUNISH,459.5,388.0,0.75,0.0,0.25
327,1,REWARD,491.0,506.0,0.5625,0.0,0.4375
328,0,PUNISH,200.0,301.0,0.75,0.0,0.25
328,0,REWARD,286.0,323.0,0.8125,0.0,0.1875
328,1,PUNISH,233.0,254.0,0.1875,0.0,0.8125
328,1,REWARD,278.0,423.5,0.75,0.0,0.25
329,0,PUNISH,214.0,208.0,0.4375,0.0,0.5625
329,0,REWARD,,198.0,0.0,0.0,1.0
329,1,PUNISH,241.5,255.5,0.428571428571,0.0,0.5714285714289999
329,1,REWARD,,362.0,0.0,0.0,1.0
330,0,PUNISH,321.0,305.0,0.4375,0.0,0.5625
330,0,REWARD,326.0,376.0,0.4375,0.0,0.5625
330,1,PUNISH,335.5,374.0,0.5,0.0,0.5
330,1,REWARD,287.5,395.0,0.5,0.0,0.5
331,0,PUNISH,200.0,374.0,0.5625,0.0,0.4375
331,0,REWARD,271.0,300.0,0.533333333333,0.0,0.46666666666699996
331,1,PUNISH,263.5,313.0,0.5,0.0,0.5
331,1,REWARD,262.0,321.0,0.6875,0.0,0.3125
332,0,PUNISH,436.5,333.5,0.375,0.0,0.625
332,0,REWARD,427.0,469.0,0.5625,0.0,0.4375
332,1,PUNISH,316.0,392.5,0.5,0.0,0.5
332,1,REWARD,325.0,412.0,0.375,0.0,0.625
333,0,PUNISH,249.0,262.0,0.375,0.0,0.625
333,0,REWARD,278.5,273.5,0.375,0.0,0.625
333,1,PUNISH,253.0,318.5,0.375,0.0,0.625
333,1,REWARD,392.0,282.0,0.666666666667,0.0,0.33333333333299997
334,0,PUNISH,276.0,,1.0,0.0,0.0
334,0,REWARD,267.5,,1.0,0.0,0.0
334,1,PUNISH,257.0,387.0,0.8125,0.0,0.1875
334,1,REWARD,246.5,330.5,0.5,0.0,0.5
335,0,PUNISH,329.0,484.0,0.5625,0.0,0.4375
335,0,REWARD,491.0,542.5,0.5,0.0,0.5
335,1,PUNISH,571.0,555.0,0.4375,0.0,0.5625
335,1,REWARD,482.0,500.0,0.5625,0.0,0.4375
336,0,PUNISH,329.0,341.0,0.4375,0.0,0.5625
336,0,REWARD,312.0,362.5,0.46666666666699996,0.0,0.533333333333
336,1,PUNISH,391.0,346.5,0.625,0.0,0.375
336,1,REWARD,402.5,440.0,0.125,0.0,0.875
337,0,PUNISH,563.0,490.0,0.4375,0.0,0.5625
337,0,REWARD,553.5,600.5,0.75,0.0,0.25
337,1,PUNISH,717.0,680.0,0.6875,0.0,0.3125
337,1,REWARD,617.0,669.0,0.4375,0.0,0.5625
338,0,PUNISH,300.0,214.0,0.6875,0.0,0.3125
338,0,REWARD,260.0,223.0,0.5625,0.0,0.4375
338,1,PUNISH,318.0,227.0,0.3125,0.0,0.6875
338,1,REWARD,397.0,360.0,0.5625,0.0,0.4375
